device_type,network_ip,network_type,threat_dest_ip,threat_src_ip,threat_status,threat_type,timestamp
,,,37.216.171.101,202.236.255.160,detected,origin,1659312000
,,,141.20.243.217,55.253.83.181,mitigated,origin,1659340800
,,,120.140.35.130,207.88.11.238,mitigated,origin,1659369600
,,,19.109.245.203,30.29.160.213,detected,origin,1659398400
,,,45.232.249.117,3.124.241.253,mitigated,origin,1659427200
,,,123.48.202.24,132.97.31.60,mitigated,origin,1659456000
,,,47.160.198.170,10.73.209.139,detected,origin,1659484800
,,,207.26.168.91,30.94.79.153,mitigated,origin,1659513600
,,,101.119.67.237,135.93.219.119,mitigated,origin,1659542400
,,,233.130.251.184,184.94.230.44,detected,origin,1659571200
,,,90.115.110.41,79.49.214.38,mitigated,origin,1659600000
,,,26.111.176.248,46.12.11.251,mitigated,origin,1659628800
,,,73.140.0.218,133.120.59.186,detected,origin,1659657600
,,,100.40.70.64,210.144.71.41,mitigated,origin,1659686400
,,,16.44.115.193,55.28.164.58,mitigated,origin,1659715200
,,,128.53.218.45,63.101.211.52,detected,origin,1659744000
,,,233.169.43.36,233.244.26.67,mitigated,origin,1659772800
,,,138.187.173.143,69.99.184.100,mitigated,origin,1659801600
,,,115.21.10.244,234.71.150.218,detected,origin,1659830400
,,,234.15.250.41,9.44.202.54,mitigated,origin,1659859200
,,,210.108.148.64,81.214.174.216,mitigated,origin,1659888000
,,,49.36.60.153,161.201.122.203,detected,origin,1659916800
,,,129.202.188.167,115.62.226.175,mitigated,origin,1659945600
,,,147.95.31.83,229.25.236.138,mitigated,origin,1659974400
,,,195.34.253.175,223.242.252.62,detected,origin,1660003200
,,,244.146.93.234,254.74.205.174,mitigated,origin,1660032000
,,,37.13.49.180,193.164.190.167,mitigated,origin,1660060800
,,,138.213.137.51,24.75.23.230,detected,origin,1660089600
,,,160.76.127.60,243.105.102.50,mitigated,origin,1660118400
,,,132.193.7.46,13.169.224.58,mitigated,origin,1660147200
,,,102.72.234.235,217.111.198.161,detected,origin,1660176000
,,,209.159.87.73,73.2.64.213,mitigated,origin,1660204800
,,,210.80.162.158,125.192.149.164,mitigated,origin,1660233600
,,,71.59.7.53,252.155.53.3,detected,origin,1660262400
,,,219.94.57.250,89.87.18.200,mitigated,origin,1660291200
,,,132.160.108.208,209.242.180.11,mitigated,origin,1660320000
,,,61.164.128.239,54.24.193.142,detected,origin,1660348800
,,,136.158.12.41,166.58.243.142,mitigated,origin,1660377600
,,,132.27.8.158,4.81.165.17,mitigated,origin,1660406400
,,,164.39.117.182,171.11.236.183,detected,origin,1660435200
,,,246.203.163.66,58.47.106.134,mitigated,origin,1660464000
,,,2.30.245.149,158.90.159.74,mitigated,origin,1660492800
,,,40.80.148.42,12.151.12.237,detected,origin,1660521600
,,,182.98.237.62,63.156.113.229,mitigated,origin,1660550400
,,,186.87.105.155,201.132.187.255,mitigated,origin,1660579200
,,,141.216.69.107,116.196.96.8,detected,origin,1660608000
,,,202.191.50.180,215.13.242.82,mitigated,origin,1660636800
,,,240.34.139.195,152.148.76.98,mitigated,origin,1660665600
,,,118.178.236.243,173.7.138.88,detected,origin,1660694400
,,,64.254.187.113,118.225.177.202,mitigated,origin,1660723200
,,,153.189.197.200,150.213.139.95,mitigated,origin,1660752000
,,,209.200.186.53,191.33.231.116,detected,origin,1660780800
,,,60.189.8.166,106.217.76.203,mitigated,origin,1660809600
,,,13.111.69.46,137.130.43.167,mitigated,origin,1660838400
,,,175.15.118.172,61.133.219.153,detected,origin,1660867200
,,,59.237.64.216,168.187.108.197,mitigated,origin,1660896000
,,,36.137.11.101,14.52.181.7,mitigated,origin,1660924800
,,,101.134.233.185,33.11.191.113,detected,origin,1660953600
,,,217.217.192.204,126.139.41.253,mitigated,origin,1660982400
,,,18.100.156.203,38.59.119.255,mitigated,origin,1661011200
,,,111.197.91.157,98.250.240.5,detected,origin,1661040000
,,,5.133.155.247,188.231.160.228,mitigated,origin,1661068800
,,,8.196.231.155,144.190.223.12,mitigated,origin,1661097600
,,,92.172.93.58,16.2.80.244,detected,origin,1661126400
,,,202.109.74.80,35.191.70.92,mitigated,origin,1661155200
,,,100.39.191.25,42.25.198.253,mitigated,origin,1661184000
,,,161.147.238.194,226.86.179.212,detected,origin,1661212800
,,,200.219.65.216,40.91.139.193,mitigated,origin,1661241600
,,,17.182.155.20,205.24.244.201,mitigated,origin,1661270400
,,,236.136.90.128,103.47.183.90,detected,origin,1661299200
,,,8.125.96.29,184.154.234.135,mitigated,origin,1661328000
,,,34.161.255.166,203.253.255.64,mitigated,origin,1661356800
,,,196.122.84.182,135.216.244.118,detected,origin,1661385600
,,,141.125.254.45,235.203.129.63,mitigated,origin,1661414400
,,,108.192.125.187,157.37.26.164,mitigated,origin,1661443200
,,,46.34.254.211,234.23.9.27,detected,origin,1661472000
,,,106.118.249.119,223.45.172.192,mitigated,origin,1661500800
,,,37.213.250.128,155.71.99.115,mitigated,origin,1661529600
,,,231.222.222.46,210.242.98.111,detected,origin,1661558400
,,,185.122.133.63,99.51.53.95,mitigated,origin,1661587200
,,,182.134.190.38,52.3.215.60,mitigated,origin,1661616000
,,,158.183.4.71,149.4.135.81,detected,origin,1661644800
,,,200.75.168.110,127.240.120.211,mitigated,origin,1661673600
,,,245.112.171.209,181.222.60.187,mitigated,origin,1661702400
,,,34.94.101.11,191.75.34.216,detected,origin,1661731200
,,,152.84.187.189,59.65.79.145,mitigated,origin,1661760000
,,,116.130.244.241,52.125.118.93,mitigated,origin,1661788800
,,,252.42.178.173,182.87.23.17,detected,origin,1661817600
,,,148.209.224.94,163.227.110.221,mitigated,origin,1661846400
,,,164.214.42.89,139.200.213.68,mitigated,origin,1661875200
,,,72.56.24.219,210.160.167.113,detected,origin,1661904000
,,,150.105.121.83,157.1.197.106,mitigated,origin,1661932800
,,,76.70.193.29,165.232.198.249,mitigated,origin,1661961600
,,,15.88.35.41,80.127.214.129,detected,origin,1661990400
,,,239.183.52.179,130.99.194.178,mitigated,origin,1662019200
,,,161.172.78.106,72.3.155.123,mitigated,origin,1662048000
,,,50.143.62.88,125.65.5.19,detected,origin,1662076800
,,,152.173.2.185,142.25.2.55,mitigated,origin,1662105600
,,,39.124.117.33,234.183.110.223,mitigated,origin,1662134400
,,,154.115.231.4,139.162.110.135,detected,origin,1662163200
,,,37.216.171.101,202.236.255.160,detected,target,1659312000
,,,141.20.243.217,55.253.83.181,mitigated,target,1659340800
,,,120.140.35.130,207.88.11.238,mitigated,target,1659369600
,,,19.109.245.203,30.29.160.213,detected,target,1659398400
,,,45.232.249.117,3.124.241.253,mitigated,target,1659427200
,,,123.48.202.24,132.97.31.60,mitigated,target,1659456000
,,,47.160.198.170,10.73.209.139,detected,target,1659484800
,,,207.26.168.91,30.94.79.153,mitigated,target,1659513600
,,,101.119.67.237,135.93.219.119,mitigated,target,1659542400
,,,233.130.251.184,184.94.230.44,detected,target,1659571200
,,,90.115.110.41,79.49.214.38,mitigated,target,1659600000
,,,26.111.176.248,46.12.11.251,mitigated,target,1659628800
,,,73.140.0.218,133.120.59.186,detected,target,1659657600
,,,100.40.70.64,210.144.71.41,mitigated,target,1659686400
,,,16.44.115.193,55.28.164.58,mitigated,target,1659715200
,,,128.53.218.45,63.101.211.52,detected,target,1659744000
,,,233.169.43.36,233.244.26.67,mitigated,target,1659772800
,,,138.187.173.143,69.99.184.100,mitigated,target,1659801600
,,,115.21.10.244,234.71.150.218,detected,target,1659830400
,,,234.15.250.41,9.44.202.54,mitigated,target,1659859200
,,,210.108.148.64,81.214.174.216,mitigated,target,1659888000
,,,49.36.60.153,161.201.122.203,detected,target,1659916800
,,,129.202.188.167,115.62.226.175,mitigated,target,1659945600
,,,147.95.31.83,229.25.236.138,mitigated,target,1659974400
,,,195.34.253.175,223.242.252.62,detected,target,1660003200
,,,244.146.93.234,254.74.205.174,mitigated,target,1660032000
,,,37.13.49.180,193.164.190.167,mitigated,target,1660060800
,,,138.213.137.51,24.75.23.230,detected,target,1660089600
,,,160.76.127.60,243.105.102.50,mitigated,target,1660118400
,,,132.193.7.46,13.169.224.58,mitigated,target,1660147200
,,,102.72.234.235,217.111.198.161,detected,target,1660176000
,,,209.159.87.73,73.2.64.213,mitigated,target,1660204800
,,,210.80.162.158,125.192.149.164,mitigated,target,1660233600
,,,71.59.7.53,252.155.53.3,detected,target,1660262400
,,,219.94.57.250,89.87.18.200,mitigated,target,1660291200
,,,132.160.108.208,209.242.180.11,mitigated,target,1660320000
,,,61.164.128.239,54.24.193.142,detected,target,1660348800
,,,136.158.12.41,166.58.243.142,mitigated,target,1660377600
,,,132.27.8.158,4.81.165.17,mitigated,target,1660406400
,,,164.39.117.182,171.11.236.183,detected,target,1660435200
,,,246.203.163.66,58.47.106.134,mitigated,target,1660464000
,,,2.30.245.149,158.90.159.74,mitigated,target,1660492800
,,,40.80.148.42,12.151.12.237,detected,target,1660521600
,,,182.98.237.62,63.156.113.229,mitigated,target,1660550400
,,,186.87.105.155,201.132.187.255,mitigated,target,1660579200
,,,141.216.69.107,116.196.96.8,detected,target,1660608000
,,,202.191.50.180,215.13.242.82,mitigated,target,1660636800
,,,240.34.139.195,152.148.76.98,mitigated,target,1660665600
,,,118.178.236.243,173.7.138.88,detected,target,1660694400
,,,64.254.187.113,118.225.177.202,mitigated,target,1660723200
,,,153.189.197.200,150.213.139.95,mitigated,target,1660752000
,,,209.200.186.53,191.33.231.116,detected,target,1660780800
,,,60.189.8.166,106.217.76.203,mitigated,target,1660809600
,,,13.111.69.46,137.130.43.167,mitigated,target,1660838400
,,,175.15.118.172,61.133.219.153,detected,target,1660867200
,,,59.237.64.216,168.187.108.197,mitigated,target,1660896000
,,,36.137.11.101,14.52.181.7,mitigated,target,1660924800
,,,101.134.233.185,33.11.191.113,detected,target,1660953600
,,,217.217.192.204,126.139.41.253,mitigated,target,1660982400
,,,18.100.156.203,38.59.119.255,mitigated,target,1661011200
,,,111.197.91.157,98.250.240.5,detected,target,1661040000
,,,5.133.155.247,188.231.160.228,mitigated,target,1661068800
,,,8.196.231.155,144.190.223.12,mitigated,target,1661097600
,,,92.172.93.58,16.2.80.244,detected,target,1661126400
,,,202.109.74.80,35.191.70.92,mitigated,target,1661155200
,,,100.39.191.25,42.25.198.253,mitigated,target,1661184000
,,,161.147.238.194,226.86.179.212,detected,target,1661212800
,,,200.219.65.216,40.91.139.193,mitigated,target,1661241600
,,,17.182.155.20,205.24.244.201,mitigated,target,1661270400
,,,236.136.90.128,103.47.183.90,detected,target,1661299200
,,,8.125.96.29,184.154.234.135,mitigated,target,1661328000
,,,34.161.255.166,203.253.255.64,mitigated,target,1661356800
,,,196.122.84.182,135.216.244.118,detected,target,1661385600
,,,141.125.254.45,235.203.129.63,mitigated,target,1661414400
,,,108.192.125.187,157.37.26.164,mitigated,target,1661443200
,,,46.34.254.211,234.23.9.27,detected,target,1661472000
,,,106.118.249.119,223.45.172.192,mitigated,target,1661500800
,,,37.213.250.128,155.71.99.115,mitigated,target,1661529600
,,,231.222.222.46,210.242.98.111,detected,target,1661558400
,,,185.122.133.63,99.51.53.95,mitigated,target,1661587200
,,,182.134.190.38,52.3.215.60,mitigated,target,1661616000
,,,158.183.4.71,149.4.135.81,detected,target,1661644800
,,,200.75.168.110,127.240.120.211,mitigated,target,1661673600
,,,245.112.171.209,181.222.60.187,mitigated,target,1661702400
,,,34.94.101.11,191.75.34.216,detected,target,1661731200
,,,152.84.187.189,59.65.79.145,mitigated,target,1661760000
,,,116.130.244.241,52.125.118.93,mitigated,target,1661788800
,,,252.42.178.173,182.87.23.17,detected,target,1661817600
,,,148.209.224.94,163.227.110.221,mitigated,target,1661846400
,,,164.214.42.89,139.200.213.68,mitigated,target,1661875200
,,,72.56.24.219,210.160.167.113,detected,target,1661904000
,,,150.105.121.83,157.1.197.106,mitigated,target,1661932800
,,,76.70.193.29,165.232.198.249,mitigated,target,1661961600
,,,15.88.35.41,80.127.214.129,detected,target,1661990400
,,,239.183.52.179,130.99.194.178,mitigated,target,1662019200
,,,161.172.78.106,72.3.155.123,mitigated,target,1662048000
,,,50.143.62.88,125.65.5.19,detected,target,1662076800
,,,152.173.2.185,142.25.2.55,mitigated,target,1662105600
,,,39.124.117.33,234.183.110.223,mitigated,target,1662134400
,,,154.115.231.4,139.162.110.135,detected,target,1662163200
computer,186.52.124.167,employee_office,,,,,1661990294
mobile,70.16.153.191,employee_office,,,,,1661987229
computer,116.132.32.67,employee_remote,,,,,1661985849
mobile,211.16.15.43,employee_remote,,,,,1661982598
mobile,222.195.25.250,employee_remote,,,,,1661981454
computer,8.254.171.63,contingent_office,,,,,1661980043
computer,79.168.89.246,contingent_remote,,,,,1661978118
mobile,174.162.155.185,contingent_remote,,,,,1661974254
mobile,238.123.123.246,visitor_office,,,,,1661974786
computer,216.124.129.99,employee_office,,,,,1661972399
mobile,10.88.202.121,employee_office,,,,,1661971387
computer,57.24.216.58,employee_remote,,,,,1661970291
mobile,222.120.224.115,employee_remote,,,,,1661968073
mobile,161.170.34.179,employee_remote,,,,,1661964778
computer,61.171.226.181,contingent_office,,,,,1661964735
computer,224.59.30.126,contingent_remote,,,,,1661962753
mobile,43.24.196.246,contingent_remote,,,,,1661960071
computer,237.44.149.147,visitor_office,,,,,1661957955
computer,83.239.173.219,employee_office,,,,,1661955619
mobile,12.253.210.196,employee_office,,,,,1661952970
computer,211.233.173.62,employee_remote,,,,,1661952671
mobile,29.204.57.7,employee_remote,,,,,1661951562
mobile,107.96.164.202,employee_remote,,,,,1661947983
computer,55.199.128.19,contingent_office,,,,,1661947084
computer,192.212.128.48,contingent_remote,,,,,1661944930
mobile,49.231.65.28,contingent_remote,,,,,1661944856
mobile,199.203.88.168,visitor_office,,,,,1661941324
computer,232.233.31.180,employee_office,,,,,1661940486
mobile,20.214.175.240,employee_office,,,,,1661938208
computer,22.146.63.7,employee_remote,,,,,1661937658
mobile,196.249.169.224,employee_remote,,,,,1661936118
mobile,91.30.197.250,employee_remote,,,,,1661933861
computer,37.38.105.157,contingent_office,,,,,1661929544
computer,8.66.21.154,contingent_remote,,,,,1661928887
mobile,184.1.227.234,contingent_remote,,,,,1661929200
computer,188.196.237.218,visitor_office,,,,,1661925288
computer,146.26.9.60,employee_office,,,,,1661924646
mobile,163.93.41.148,employee_office,,,,,1661922038
computer,21.11.67.248,employee_remote,,,,,1661919538
mobile,5.175.115.70,employee_remote,,,,,1661918921
mobile,239.167.101.98,employee_remote,,,,,1661918160
computer,21.131.54.104,contingent_office,,,,,1661913841
computer,131.159.44.185,contingent_remote,,,,,1661913376
mobile,173.132.63.35,contingent_remote,,,,,1661910254
mobile,117.22.92.166,visitor_office,,,,,1661909467
computer,18.13.179.80,employee_office,,,,,1661908004
mobile,253.21.214.53,employee_office,,,,,1661904993
computer,13.202.208.52,employee_remote,,,,,1661903850
mobile,26.209.69.194,employee_remote,,,,,1661900557
mobile,102.59.127.41,employee_remote,,,,,1661901395
computer,165.66.229.90,contingent_office,,,,,1661898194
computer,51.99.126.154,contingent_remote,,,,,1661895466
mobile,147.104.186.28,contingent_remote,,,,,1661894264
computer,30.176.254.4,visitor_office,,,,,1661891510
computer,14.221.43.51,employee_office,,,,,1661892912
mobile,109.62.131.16,employee_office,,,,,1661889341
computer,225.193.19.180,employee_remote,,,,,1661888233
mobile,19.166.130.228,employee_remote,,,,,1661884443
mobile,101.150.27.235,employee_remote,,,,,1661884149
computer,241.116.121.186,contingent_office,,,,,1661882870
computer,95.131.195.91,contingent_remote,,,,,1661879286
mobile,31.226.2.34,contingent_remote,,,,,1661879476
mobile,185.225.133.213,visitor_office,,,,,1661878509
computer,141.226.103.54,employee_office,,,,,1661875064
mobile,90.206.52.77,employee_office,,,,,1661875144
computer,231.24.241.64,employee_remote,,,,,1661873347
mobile,39.220.178.16,employee_remote,,,,,1661870800
mobile,96.63.153.78,employee_remote,,,,,1661866853
computer,21.208.227.244,contingent_office,,,,,1661866498
computer,79.227.169.230,contingent_remote,,,,,1661862715
mobile,255.195.109.124,contingent_remote,,,,,1661862813
computer,209.236.190.57,visitor_office,,,,,1661862431
computer,240.162.105.97,employee_office,,,,,1661858310
mobile,219.114.167.78,employee_office,,,,,1661857671
computer,82.139.145.208,employee_remote,,,,,1661855132
mobile,245.82.15.161,employee_remote,,,,,1661853471
mobile,148.36.105.88,employee_remote,,,,,1661851239
computer,111.56.7.119,contingent_office,,,,,1661850783
computer,194.196.133.249,contingent_remote,,,,,1661848075
mobile,40.221.4.33,contingent_remote,,,,,1661844952
computer,205.60.208.88,visitor_office,,,,,1661843920
computer,36.167.252.234,employee_office,,,,,1661842650
computer,224.181.75.219,employee_office,,,,,1661842586
computer,14.160.181.186,employee_remote,,,,,1661838569
computer,148.84.79.31,employee_remote,,,,,1661835653
computer,158.116.154.166,employee_remote,,,,,1661833966
computer,47.107.78.18,contingent_office,,,,,1661834288
computer,22.84.21.71,contingent_remote,,,,,1661831150
computer,111.44.1.77,contingent_remote,,,,,1661828446
computer,47.51.181.111,visitor_office,,,,,1661828765
computer,135.108.81.169,employee_office,,,,,1661825843
computer,48.38.132.181,employee_office,,,,,1661825329
computer,229.161.63.25,employee_remote,,,,,1661824152
computer,92.21.198.100,employee_remote,,,,,1661821102
computer,208.239.3.90,employee_remote,,,,,1661818287
computer,145.48.245.15,contingent_office,,,,,1661818149
computer,70.40.135.214,contingent_remote,,,,,1661815411
computer,39.5.42.69,contingent_remote,,,,,1661814275
computer,161.129.216.207,visitor_office,,,,,1661811565
computer,89.169.93.205,employee_office,,,,,1661809676
computer,242.173.20.43,employee_office,,,,,1661807102
computer,65.83.151.83,employee_remote,,,,,1661805866
mobile,160.74.33.45,employee_remote,,,,,1661806754
mobile,48.231.225.254,employee_remote,,,,,1661802286
computer,246.106.140.127,contingent_office,,,,,1661801508
computer,136.1.228.95,contingent_remote,,,,,1661798878
mobile,245.229.110.36,contingent_remote,,,,,1661797993
computer,238.172.247.99,visitor_office,,,,,1661794283
computer,222.32.137.78,employee_office,,,,,1661795599
mobile,76.111.56.123,employee_office,,,,,1661794019
computer,177.77.245.11,employee_remote,,,,,1661788807
mobile,105.197.10.149,employee_remote,,,,,1661789865
mobile,33.247.61.195,employee_remote,,,,,1661787318
computer,159.234.67.146,contingent_office,,,,,1661783749
computer,203.97.225.62,contingent_remote,,,,,1661781794
mobile,28.93.141.41,contingent_remote,,,,,1661783010
mobile,115.43.95.229,visitor_office,,,,,1661778499
computer,245.147.217.223,employee_office,,,,,1661778433
mobile,230.195.92.52,employee_office,,,,,1661774885
computer,117.36.212.222,employee_remote,,,,,1661773816
mobile,30.243.55.154,employee_remote,,,,,1661773332
mobile,27.179.223.185,employee_remote,,,,,1661769530
computer,246.135.67.20,contingent_office,,,,,1661767261
computer,154.219.25.55,contingent_remote,,,,,1661767913
mobile,18.160.247.71,contingent_remote,,,,,1661767192
computer,52.220.173.119,visitor_office,,,,,1661763803
computer,176.146.24.207,employee_office,,,,,1661763011
mobile,62.85.146.16,employee_office,,,,,1661759961
computer,140.200.24.40,employee_remote,,,,,1661758714
mobile,122.254.208.77,employee_remote,,,,,1661756522
mobile,33.126.71.64,employee_remote,,,,,1661753670
computer,185.125.228.214,contingent_office,,,,,1661752455
computer,66.181.101.101,contingent_remote,,,,,1661750681
mobile,229.86.247.56,contingent_remote,,,,,1661747661
mobile,169.159.66.109,visitor_office,,,,,1661748161
computer,104.81.122.228,employee_office,,,,,1661745659
mobile,65.93.83.121,employee_office,,,,,1661744917
computer,31.176.203.147,employee_remote,,,,,1661743242
mobile,105.26.12.154,employee_remote,,,,,1661740474
mobile,207.202.31.174,employee_remote,,,,,1661738464
computer,90.12.202.238,contingent_office,,,,,1661735445
computer,158.33.166.97,contingent_remote,,,,,1661736194
mobile,136.253.163.25,contingent_remote,,,,,1661734791
computer,94.72.133.77,visitor_office,,,,,1661732731
computer,193.100.166.253,employee_office,,,,,1661730984
mobile,167.68.10.198,employee_office,,,,,1661725811
computer,236.199.49.46,employee_remote,,,,,1661724351
computer,155.114.109.230,employee_remote,,,,,1661722263
computer,26.9.162.255,employee_remote,,,,,1661723259
computer,131.97.181.115,contingent_office,,,,,1661721291
computer,126.131.90.250,contingent_remote,,,,,1661718879
computer,122.91.114.63,contingent_remote,,,,,1661715234
computer,140.69.35.68,visitor_office,,,,,1661715253
computer,163.221.170.104,employee_office,,,,,1661714131
computer,241.57.68.35,employee_office,,,,,1661711599
computer,40.17.242.38,employee_remote,,,,,1661708518
computer,178.21.156.164,employee_remote,,,,,1661706039
computer,239.150.239.128,employee_remote,,,,,1661706315
computer,129.117.89.191,contingent_office,,,,,1661705720
computer,18.230.180.112,contingent_remote,,,,,1661704185
computer,26.66.130.156,contingent_remote,,,,,1661699293
computer,75.117.136.33,visitor_office,,,,,1661697109
computer,152.59.17.30,employee_office,,,,,1661696472
computer,198.45.9.237,employee_office,,,,,1661695430
computer,165.196.183.188,employee_remote,,,,,1661694693
mobile,31.186.191.237,employee_remote,,,,,1661690819
mobile,126.158.200.115,employee_remote,,,,,1661688426
computer,205.166.21.196,contingent_office,,,,,1661688411
computer,226.116.199.218,contingent_remote,,,,,1661685388
mobile,78.237.132.251,contingent_remote,,,,,1661682694
mobile,4.140.104.155,visitor_office,,,,,1661681156
computer,9.130.251.207,employee_office,,,,,1661681218
mobile,10.113.51.237,employee_office,,,,,1661679254
computer,0.146.59.17,employee_remote,,,,,1661678316
mobile,46.169.134.34,employee_remote,,,,,1661676782
mobile,109.13.206.242,employee_remote,,,,,1661674619
computer,156.187.155.112,contingent_office,,,,,1661672398
computer,111.243.102.201,contingent_remote,,,,,1661671181
mobile,59.176.109.34,contingent_remote,,,,,1661668190
computer,201.138.0.91,visitor_office,,,,,1661665316
computer,51.228.67.3,employee_office,,,,,1661665050
mobile,23.158.156.73,employee_office,,,,,1661662316
computer,234.22.142.99,employee_remote,,,,,1661660007
mobile,50.84.42.7,employee_remote,,,,,1661660861
mobile,127.63.117.187,employee_remote,,,,,1661657525
computer,107.205.185.114,contingent_office,,,,,1661656953
computer,223.246.164.253,contingent_remote,,,,,1661652427
mobile,106.211.196.76,contingent_remote,,,,,1661652835
mobile,79.132.119.45,visitor_office,,,,,1661651608
computer,212.94.200.148,employee_office,,,,,1661649332
mobile,162.211.175.211,employee_office,,,,,1661645257
computer,196.129.24.181,employee_remote,,,,,1661645094
mobile,14.231.194.22,employee_remote,,,,,1661643389
mobile,52.2.98.4,employee_remote,,,,,1661641314
computer,121.251.118.181,contingent_office,,,,,1661638725
computer,5.192.207.75,contingent_remote,,,,,1661637511
mobile,166.106.86.211,contingent_remote,,,,,1661636051
computer,124.176.69.249,visitor_office,,,,,1661632680
computer,143.47.127.224,employee_office,,,,,1661632041
computer,151.206.209.81,employee_office,,,,,1661629207
computer,103.172.26.8,employee_remote,,,,,1661627363
computer,208.90.158.185,employee_remote,,,,,1661627377
computer,141.38.222.5,employee_remote,,,,,1661624286
computer,7.247.38.177,contingent_office,,,,,1661623886
computer,108.146.213.185,contingent_remote,,,,,1661621064
computer,24.207.26.180,contingent_remote,,,,,1661620769
computer,55.190.203.26,visitor_office,,,,,1661619372
computer,194.228.5.129,employee_office,,,,,1661617611
computer,230.232.145.15,employee_office,,,,,1661613967
computer,30.217.10.97,employee_remote,,,,,1661613863
computer,121.151.183.59,employee_remote,,,,,1661609618
computer,95.222.86.194,employee_remote,,,,,1661608154
computer,188.108.7.203,contingent_office,,,,,1661606605
computer,253.242.7.142,contingent_remote,,,,,1661606705
mobile,188.11.195.46,contingent_remote,,,,,1661604818
computer,80.50.91.56,visitor_office,,,,,1661601372
computer,227.72.84.201,employee_office,,,,,1661600265
mobile,85.246.82.91,employee_office,,,,,1661596583
computer,105.14.146.229,employee_remote,,,,,1661596837
mobile,236.244.120.38,employee_remote,,,,,1661594604
mobile,175.222.241.74,employee_remote,,,,,1661594034
computer,248.184.183.135,contingent_office,,,,,1661591910
computer,173.47.242.196,contingent_remote,,,,,1661587706
mobile,146.31.48.66,contingent_remote,,,,,1661586381
mobile,202.32.241.183,visitor_office,,,,,1661584065
computer,211.161.118.178,employee_office,,,,,1661581852
mobile,36.53.201.53,employee_office,,,,,1661583501
computer,10.110.15.2,employee_remote,,,,,1661579701
mobile,209.123.138.130,employee_remote,,,,,1661576427
mobile,16.219.69.229,employee_remote,,,,,1661577576
computer,222.145.91.77,contingent_office,,,,,1661573407
computer,66.117.88.92,contingent_remote,,,,,1661571929
mobile,106.238.80.123,contingent_remote,,,,,1661571871
computer,85.226.95.175,visitor_office,,,,,1661568402
computer,62.246.177.34,employee_office,,,,,1661566464
mobile,223.168.72.135,employee_office,,,,,1661564547
computer,155.39.124.33,employee_remote,,,,,1661563563
mobile,5.240.234.100,employee_remote,,,,,1661562853
mobile,30.103.37.171,employee_remote,,,,,1661560368
computer,43.111.73.36,contingent_office,,,,,1661557998
computer,165.134.232.52,contingent_remote,,,,,1661555393
mobile,218.22.222.171,contingent_remote,,,,,1661554256
mobile,108.163.225.231,visitor_office,,,,,1661551375
computer,200.128.170.92,employee_office,,,,,1661551136
mobile,126.52.215.244,employee_office,,,,,1661548741
computer,237.125.178.28,employee_remote,,,,,1661548193
mobile,145.74.150.164,employee_remote,,,,,1661544636
mobile,11.64.148.140,employee_remote,,,,,1661543436
computer,109.67.146.8,contingent_office,,,,,1661543340
computer,25.227.232.117,contingent_remote,,,,,1661541322
mobile,11.148.149.84,contingent_remote,,,,,1661537288
computer,160.236.128.34,visitor_office,,,,,1661538168
computer,251.69.181.107,employee_office,,,,,1661536106
mobile,109.63.148.241,employee_office,,,,,1661534159
computer,73.1.19.171,employee_remote,,,,,1661532520
mobile,133.208.35.24,employee_remote,,,,,1661530306
mobile,159.157.223.104,employee_remote,,,,,1661529131
computer,183.140.152.179,contingent_office,,,,,1661527560
computer,172.175.130.101,contingent_remote,,,,,1661524205
mobile,121.14.37.135,contingent_remote,,,,,1661524033
mobile,156.31.145.187,visitor_office,,,,,1661519471
computer,94.26.109.68,employee_office,,,,,1661519504
mobile,14.204.250.98,employee_office,,,,,1661518732
computer,84.191.39.216,employee_remote,,,,,1661516393
mobile,18.82.89.230,employee_remote,,,,,1661511831
mobile,179.22.223.139,employee_remote,,,,,1661511707
computer,204.166.33.157,contingent_office,,,,,1661511241
computer,197.168.171.108,contingent_remote,,,,,1661509321
mobile,166.20.197.82,contingent_remote,,,,,1661507879
computer,195.208.32.25,visitor_office,,,,,1661505036
computer,40.166.169.217,employee_office,,,,,1661501676
mobile,6.162.175.163,employee_office,,,,,1661500168
computer,84.207.121.175,employee_remote,,,,,1661499550
mobile,71.214.177.198,employee_remote,,,,,1661498584
mobile,161.143.101.183,employee_remote,,,,,1661495413
computer,251.93.185.18,contingent_office,,,,,1661493871
computer,236.89.212.24,contingent_remote,,,,,1661490717
mobile,252.255.81.63,contingent_remote,,,,,1661490879
mobile,249.18.255.119,visitor_office,,,,,1661487811
computer,227.142.101.120,employee_office,,,,,1661485573
mobile,217.164.214.248,employee_office,,,,,1661484819
computer,98.58.11.32,employee_remote,,,,,1661481387
mobile,49.190.74.146,employee_remote,,,,,1661480146
mobile,81.69.58.50,employee_remote,,,,,1661480524
computer,65.190.25.28,contingent_office,,,,,1661479010
computer,251.30.233.146,contingent_remote,,,,,1661475440
mobile,149.82.36.48,contingent_remote,,,,,1661472151
computer,207.232.255.144,visitor_office,,,,,1661473132
computer,145.27.150.122,employee_office,,,,,1661470571
mobile,133.5.140.211,employee_office,,,,,1661469985
computer,168.72.123.133,employee_remote,,,,,1661465698
mobile,26.187.49.73,employee_remote,,,,,1661464389
mobile,113.195.250.213,employee_remote,,,,,1661463518
computer,97.59.143.76,contingent_office,,,,,1661459894
computer,188.37.31.245,contingent_remote,,,,,1661460244
mobile,4.100.164.66,contingent_remote,,,,,1661458966
mobile,181.109.112.81,visitor_office,,,,,1661455249
computer,151.151.167.117,employee_office,,,,,1661453419
mobile,67.106.141.183,employee_office,,,,,1661450409
computer,172.16.237.128,employee_remote,,,,,1661450370
mobile,157.87.107.86,employee_remote,,,,,1661449663
mobile,103.38.243.237,employee_remote,,,,,1661446699
computer,7.177.46.183,contingent_office,,,,,1661444880
computer,191.114.29.200,contingent_remote,,,,,1661444395
mobile,195.219.174.47,contingent_remote,,,,,1661443062
computer,172.174.40.78,visitor_office,,,,,1661439434
computer,198.57.190.151,employee_office,,,,,1661438355
mobile,8.65.242.81,employee_office,,,,,1661436397
computer,170.96.111.7,employee_remote,,,,,1661433298
mobile,8.242.109.254,employee_remote,,,,,1661434145
mobile,227.53.232.24,employee_remote,,,,,1661429874
computer,70.40.190.216,contingent_office,,,,,1661429121
computer,181.250.237.118,contingent_remote,,,,,1661425721
mobile,218.111.71.64,contingent_remote,,,,,1661425027
mobile,233.136.163.85,visitor_office,,,,,1661422927
computer,169.186.122.157,employee_office,,,,,1661421279
mobile,12.79.82.100,employee_office,,,,,1661421560
computer,60.221.71.106,employee_remote,,,,,1661418863
mobile,15.68.134.115,employee_remote,,,,,1661415985
mobile,37.90.235.123,employee_remote,,,,,1661414067
computer,91.237.253.74,contingent_office,,,,,1661414266
computer,64.41.224.242,contingent_remote,,,,,1661410262
mobile,141.223.10.148,contingent_remote,,,,,1661408512
computer,201.73.102.23,visitor_office,,,,,1661408832
computer,23.239.187.108,employee_office,,,,,1661404203
mobile,144.76.98.198,employee_office,,,,,1661402884
computer,92.125.136.66,employee_remote,,,,,1661403495
mobile,144.148.119.19,employee_remote,,,,,1661399477
mobile,254.18.62.61,employee_remote,,,,,1661397118
computer,69.163.241.87,contingent_office,,,,,1661397510
computer,12.2.7.119,contingent_remote,,,,,1661394796
mobile,89.7.23.60,contingent_remote,,,,,1661393407
mobile,230.23.220.82,visitor_office,,,,,1661392278
computer,115.208.198.2,employee_office,,,,,1661390179
mobile,14.201.208.231,employee_office,,,,,1661385922
computer,28.242.24.154,employee_remote,,,,,1661384532
mobile,14.6.14.106,employee_remote,,,,,1661383973
mobile,212.68.182.173,employee_remote,,,,,1661382186
computer,180.25.131.148,contingent_office,,,,,1661380470
computer,204.193.142.4,contingent_remote,,,,,1661379460
mobile,234.198.9.179,contingent_remote,,,,,1661377319
computer,13.247.25.211,visitor_office,,,,,1661374678
computer,237.183.39.63,employee_office,,,,,1661373197
mobile,174.180.130.145,employee_office,,,,,1661370304
computer,94.16.60.246,employee_remote,,,,,1661370264
mobile,36.230.48.35,employee_remote,,,,,1661368928
mobile,138.113.223.38,employee_remote,,,,,1661366644
computer,172.243.234.27,contingent_office,,,,,1661364498
computer,87.101.136.42,contingent_remote,,,,,1661362139
mobile,19.240.222.148,contingent_remote,,,,,1661360484
mobile,227.240.68.246,visitor_office,,,,,1661359368
computer,137.175.59.35,employee_office,,,,,1661356105
mobile,226.246.18.235,employee_office,,,,,1661354818
computer,230.173.199.133,employee_remote,,,,,1661352701
mobile,243.98.44.160,employee_remote,,,,,1661350167
mobile,133.161.193.26,employee_remote,,,,,1661350633
computer,6.54.210.97,contingent_office,,,,,1661346975
computer,203.57.96.248,contingent_remote,,,,,1661346091
mobile,235.224.15.112,contingent_remote,,,,,1661343365
computer,61.20.195.180,visitor_office,,,,,1661343634
computer,227.2.103.48,employee_office,,,,,1661340820
mobile,155.199.53.243,employee_office,,,,,1661340158
computer,214.120.70.14,employee_remote,,,,,1661335760
mobile,173.125.22.250,employee_remote,,,,,1661333889
mobile,85.60.160.112,employee_remote,,,,,1661333884
computer,41.167.196.251,contingent_office,,,,,1661333123
computer,92.238.115.154,contingent_remote,,,,,1661330486
mobile,168.41.13.142,contingent_remote,,,,,1661326396
mobile,69.202.23.8,visitor_office,,,,,1661324924
computer,114.113.88.60,employee_office,,,,,1661323751
mobile,154.211.73.231,employee_office,,,,,1661322938
computer,99.104.28.31,employee_remote,,,,,1661320288
mobile,19.30.189.104,employee_remote,,,,,1661317742
mobile,231.109.131.194,employee_remote,,,,,1661318391
computer,157.246.25.123,contingent_office,,,,,1661316946
computer,217.4.18.184,contingent_remote,,,,,1661312994
mobile,248.39.70.223,contingent_remote,,,,,1661310817
computer,126.69.245.246,visitor_office,,,,,1661310924
computer,121.103.83.2,employee_office,,,,,1661309248
mobile,106.83.172.8,employee_office,,,,,1661305258
computer,255.94.128.99,employee_remote,,,,,1661303334
mobile,43.164.253.132,employee_remote,,,,,1661302796
mobile,190.206.46.94,employee_remote,,,,,1661302140
computer,64.166.199.100,contingent_office,,,,,1661298762
computer,131.40.122.154,contingent_remote,,,,,1661296275
mobile,219.154.63.5,contingent_remote,,,,,1661293871
mobile,52.76.168.211,visitor_office,,,,,1661292796
computer,242.26.133.25,employee_office,,,,,1661292398
mobile,102.38.192.225,employee_office,,,,,1661289903
computer,183.140.61.254,employee_remote,,,,,1661288479
mobile,20.153.52.0,employee_remote,,,,,1661285969
mobile,123.204.191.246,employee_remote,,,,,1661286540
computer,40.239.36.190,contingent_office,,,,,1661282622
computer,137.134.184.9,contingent_remote,,,,,1661282003
mobile,20.167.35.111,contingent_remote,,,,,1661277780
computer,109.159.118.169,visitor_office,,,,,1661279127
computer,118.224.72.10,employee_office,,,,,1661275231
mobile,147.159.168.10,employee_office,,,,,1661274325
computer,161.32.77.168,employee_remote,,,,,1661272476
mobile,124.167.190.96,employee_remote,,,,,1661269265
mobile,157.58.251.14,employee_remote,,,,,1661268227
computer,1.60.223.111,contingent_office,,,,,1661266403
computer,49.31.251.176,contingent_remote,,,,,1661264219
mobile,235.29.82.50,contingent_remote,,,,,1661261871
mobile,144.160.155.7,visitor_office,,,,,1661262023
computer,195.14.217.219,employee_office,,,,,1661259044
mobile,40.95.71.63,employee_office,,,,,1661256936
computer,217.124.132.140,employee_remote,,,,,1661255380
mobile,201.185.8.237,employee_remote,,,,,1661255146
mobile,10.223.41.48,employee_remote,,,,,1661251003
computer,172.250.80.237,contingent_office,,,,,1661248971
computer,124.149.71.237,contingent_remote,,,,,1661247705
mobile,71.206.157.217,contingent_remote,,,,,1661248475
computer,230.83.121.112,visitor_office,,,,,1661245735
computer,125.246.129.153,employee_office,,,,,1661244663
mobile,156.131.140.239,employee_office,,,,,1661240723
computer,22.59.125.136,employee_remote,,,,,1661239556
mobile,38.250.22.96,employee_remote,,,,,1661239584
mobile,199.0.169.79,employee_remote,,,,,1661235454
computer,9.182.136.26,contingent_office,,,,,1661233298
computer,46.163.147.162,contingent_remote,,,,,1661234393
mobile,113.253.255.205,contingent_remote,,,,,1661230136
mobile,12.83.63.252,visitor_office,,,,,1661230063
computer,177.153.129.59,employee_office,,,,,1661227709
mobile,120.189.173.141,employee_office,,,,,1661224078
computer,149.234.120.226,employee_remote,,,,,1661225112
mobile,93.14.179.145,employee_remote,,,,,1661223353
mobile,204.105.216.195,employee_remote,,,,,1661219089
computer,194.206.122.29,contingent_office,,,,,1661219339
computer,153.241.61.245,contingent_remote,,,,,1661215080
mobile,21.210.3.218,contingent_remote,,,,,1661214796
computer,178.22.99.212,visitor_office,,,,,1661211665
computer,166.165.39.117,employee_office,,,,,1661210039
mobile,44.90.151.18,employee_office,,,,,1661209112
computer,29.124.209.39,employee_remote,,,,,1661206322
mobile,49.200.7.165,employee_remote,,,,,1661206942
mobile,108.89.13.248,employee_remote,,,,,1661204371
computer,104.217.209.180,contingent_office,,,,,1661202769
computer,197.0.219.60,contingent_remote,,,,,1661198991
mobile,165.154.131.145,contingent_remote,,,,,1661197329
mobile,129.58.73.162,visitor_office,,,,,1661195167
computer,92.73.156.26,employee_office,,,,,1661195021
mobile,167.75.137.60,employee_office,,,,,1661193971
computer,239.63.137.222,employee_remote,,,,,1661189802
mobile,182.86.202.34,employee_remote,,,,,1661190071
mobile,211.202.92.104,employee_remote,,,,,1661187568
computer,206.205.88.207,contingent_office,,,,,1661186557
computer,35.205.198.161,contingent_remote,,,,,1661185177
mobile,55.65.79.102,contingent_remote,,,,,1661183375
computer,14.95.197.107,visitor_office,,,,,1661181379
computer,107.253.2.20,employee_office,,,,,1661179945
mobile,77.201.114.200,employee_office,,,,,1661176992
computer,33.127.0.220,employee_remote,,,,,1661173400
mobile,52.40.49.253,employee_remote,,,,,1661174741
mobile,188.43.225.203,employee_remote,,,,,1661172750
computer,26.56.51.201,contingent_office,,,,,1661170778
computer,25.182.179.178,contingent_remote,,,,,1661169129
mobile,144.12.213.131,contingent_remote,,,,,1661165428
mobile,1.114.176.69,visitor_office,,,,,1661164183
computer,139.10.149.252,employee_office,,,,,1661161096
mobile,14.23.37.119,employee_office,,,,,1661159488
computer,249.59.54.174,employee_remote,,,,,1661159628
mobile,13.25.104.127,employee_remote,,,,,1661156836
mobile,102.208.30.64,employee_remote,,,,,1661156257
computer,28.118.208.39,contingent_office,,,,,1661151639
computer,1.165.246.244,contingent_remote,,,,,1661152381
mobile,141.25.222.248,contingent_remote,,,,,1661149373
computer,82.186.45.42,visitor_office,,,,,1661147448
computer,126.219.211.220,employee_office,,,,,1661145913
mobile,17.243.78.201,employee_office,,,,,1661144886
computer,196.29.253.123,employee_remote,,,,,1661142594
mobile,5.142.253.76,employee_remote,,,,,1661139653
mobile,192.230.147.196,employee_remote,,,,,1661139595
computer,33.250.92.85,contingent_office,,,,,1661135905
computer,43.231.106.165,contingent_remote,,,,,1661135074
mobile,231.41.63.224,contingent_remote,,,,,1661132383
mobile,154.26.219.161,visitor_office,,,,,1661133347
computer,113.88.37.95,employee_office,,,,,1661128492
mobile,100.36.52.26,employee_office,,,,,1661128123
computer,192.240.120.147,employee_remote,,,,,1661126258
mobile,210.22.196.228,employee_remote,,,,,1661124269
mobile,85.230.213.151,employee_remote,,,,,1661122504
computer,24.118.22.8,contingent_office,,,,,1661121334
computer,158.174.247.109,contingent_remote,,,,,1661120662
mobile,178.79.147.172,contingent_remote,,,,,1661118335
computer,150.5.96.231,visitor_office,,,,,1661116738
computer,52.155.117.221,employee_office,,,,,1661114286
mobile,81.200.206.196,employee_office,,,,,1661111527
computer,57.72.188.57,employee_remote,,,,,1661109499
mobile,156.135.167.79,employee_remote,,,,,1661109542
mobile,63.249.38.219,employee_remote,,,,,1661107479
computer,239.94.216.203,contingent_office,,,,,1661106032
computer,133.73.148.44,contingent_remote,,,,,1661102307
mobile,243.123.60.172,contingent_remote,,,,,1661100300
mobile,248.88.17.145,visitor_office,,,,,1661099047
computer,193.229.148.206,employee_office,,,,,1661095834
mobile,108.111.112.213,employee_office,,,,,1661095398
computer,216.16.183.98,employee_remote,,,,,1661094977
mobile,46.142.247.124,employee_remote,,,,,1661092483
mobile,131.193.59.20,employee_remote,,,,,1661089132
computer,223.22.114.138,contingent_office,,,,,1661088754
computer,181.71.116.203,contingent_remote,,,,,1661085429
mobile,136.11.89.149,contingent_remote,,,,,1661085250
computer,181.155.93.106,visitor_office,,,,,1661082475
computer,39.122.112.93,employee_office,,,,,1661080892
mobile,177.165.246.91,employee_office,,,,,1661080767
computer,217.140.27.63,employee_remote,,,,,1661078817
mobile,45.208.6.50,employee_remote,,,,,1661076505
mobile,47.253.111.160,employee_remote,,,,,1661075680
computer,85.151.140.150,contingent_office,,,,,1661073333
computer,112.246.67.169,contingent_remote,,,,,1661070883
mobile,160.112.135.42,contingent_remote,,,,,1661070587
mobile,153.170.188.172,visitor_office,,,,,1661066515
computer,30.224.101.220,employee_office,,,,,1661063404
mobile,154.155.179.32,employee_office,,,,,1661062770
computer,0.18.88.70,employee_remote,,,,,1661061134
mobile,96.113.17.111,employee_remote,,,,,1661060287
mobile,121.28.6.31,employee_remote,,,,,1661056405
computer,7.151.160.224,contingent_office,,,,,1661054784
computer,196.203.198.234,contingent_remote,,,,,1661053788
mobile,236.221.137.88,contingent_remote,,,,,1661052400
computer,37.227.240.44,visitor_office,,,,,1661050939
computer,26.10.164.238,employee_office,,,,,1661047342
mobile,105.107.71.32,employee_office,,,,,1661048844
computer,76.224.244.10,employee_remote,,,,,1661046759
mobile,171.204.45.47,employee_remote,,,,,1661044965
mobile,117.28.6.157,employee_remote,,,,,1661043024
computer,23.249.101.131,contingent_office,,,,,1661041606
computer,73.140.109.32,contingent_remote,,,,,1661039860
mobile,123.119.102.162,contingent_remote,,,,,1661036966
mobile,203.39.122.251,visitor_office,,,,,1661033716
computer,241.57.66.215,employee_office,,,,,1661032011
mobile,232.40.68.128,employee_office,,,,,1661032737
computer,126.222.71.123,employee_remote,,,,,1661029365
mobile,10.195.66.181,employee_remote,,,,,1661025934
mobile,134.98.252.222,employee_remote,,,,,1661026294
computer,165.9.152.9,contingent_office,,,,,1661022516
computer,37.51.142.86,contingent_remote,,,,,1661023111
mobile,23.37.150.84,contingent_remote,,,,,1661021993
computer,96.88.108.190,visitor_office,,,,,1661019905
computer,134.194.181.161,employee_office,,,,,1661017540
mobile,43.14.206.46,employee_office,,,,,1661015340
computer,4.93.131.126,employee_remote,,,,,1661013604
mobile,164.78.20.250,employee_remote,,,,,1661011112
mobile,91.202.216.107,employee_remote,,,,,1661009563
computer,221.22.215.139,contingent_office,,,,,1661007900
computer,144.170.78.213,contingent_remote,,,,,1661004201
mobile,210.12.228.218,contingent_remote,,,,,1661003707
mobile,194.161.67.58,visitor_office,,,,,1661002323
computer,189.118.84.97,employee_office,,,,,1660999629
mobile,106.196.99.45,employee_office,,,,,1660997223
computer,185.136.129.49,employee_remote,,,,,1660995667
mobile,175.253.157.101,employee_remote,,,,,1660993327
mobile,224.191.139.192,employee_remote,,,,,1660992167
computer,170.214.2.144,contingent_office,,,,,1660992867
computer,4.149.8.165,contingent_remote,,,,,1660988943
mobile,170.110.120.24,contingent_remote,,,,,1660987427
computer,65.227.56.185,visitor_office,,,,,1660985975
computer,182.138.90.235,employee_office,,,,,1660983490
mobile,194.147.231.133,employee_office,,,,,1660982192
computer,235.90.45.57,employee_remote,,,,,1660981111
mobile,219.222.75.251,employee_remote,,,,,1660978248
mobile,130.99.25.171,employee_remote,,,,,1660976360
computer,17.73.218.215,contingent_office,,,,,1660975151
computer,116.54.16.16,contingent_remote,,,,,1660974910
mobile,213.65.98.182,contingent_remote,,,,,1660971518
mobile,132.78.225.82,visitor_office,,,,,1660971253
computer,25.180.35.253,employee_office,,,,,1660968549
mobile,44.156.171.212,employee_office,,,,,1660965675
computer,251.231.44.5,employee_remote,,,,,1660964540
mobile,201.79.112.182,employee_remote,,,,,1660961293
mobile,14.121.19.213,employee_remote,,,,,1660959745
computer,131.74.52.190,contingent_office,,,,,1660958123
computer,203.113.8.68,contingent_remote,,,,,1660958682
mobile,87.182.136.229,contingent_remote,,,,,1660954631
computer,82.11.184.217,visitor_office,,,,,1660954045
computer,234.173.203.61,employee_office,,,,,1660952556
mobile,175.190.162.22,employee_office,,,,,1660950478
computer,165.137.154.121,employee_remote,,,,,1660948194
mobile,246.237.190.28,employee_remote,,,,,1660944886
mobile,236.242.97.172,employee_remote,,,,,1660944111
computer,213.113.125.176,contingent_office,,,,,1660942375
computer,116.202.240.38,contingent_remote,,,,,1660942352
mobile,221.70.218.160,contingent_remote,,,,,1660940054
mobile,138.6.138.18,visitor_office,,,,,1660938360
computer,75.168.146.215,employee_office,,,,,1660937290
mobile,204.231.26.192,employee_office,,,,,1660934128
computer,73.0.181.234,employee_remote,,,,,1660932509
mobile,222.56.0.70,employee_remote,,,,,1660931305
mobile,17.26.239.119,employee_remote,,,,,1660929415
computer,195.30.154.92,contingent_office,,,,,1660928170
computer,146.129.116.52,contingent_remote,,,,,1660924511
mobile,150.87.0.57,contingent_remote,,,,,1660924056
computer,197.102.152.205,visitor_office,,,,,1660919788
computer,97.86.251.194,employee_office,,,,,1660919890
mobile,237.103.253.103,employee_office,,,,,1660916949
computer,190.124.247.249,employee_remote,,,,,1660915286
mobile,29.20.57.93,employee_remote,,,,,1660912988
mobile,224.58.18.227,employee_remote,,,,,1660911899
computer,231.31.236.251,contingent_office,,,,,1660910085
computer,211.32.104.197,contingent_remote,,,,,1660909573
mobile,225.174.29.205,contingent_remote,,,,,1660906769
mobile,4.38.142.124,visitor_office,,,,,1660905650
computer,12.34.234.121,employee_office,,,,,1660901674
mobile,62.166.100.87,employee_office,,,,,1660900890
computer,126.53.32.150,employee_remote,,,,,1660900444
mobile,117.195.173.215,employee_remote,,,,,1660896918
mobile,134.69.89.242,employee_remote,,,,,1660894508
computer,223.203.85.141,contingent_office,,,,,1660894354
computer,157.151.47.13,contingent_remote,,,,,1660891469
mobile,35.184.184.189,contingent_remote,,,,,1660890453
computer,214.51.17.131,visitor_office,,,,,1660890201
computer,129.232.131.13,employee_office,,,,,1660887224
mobile,93.228.61.130,employee_office,,,,,1660886657
computer,199.181.173.72,employee_remote,,,,,1660882695
mobile,220.6.159.64,employee_remote,,,,,1660882640
mobile,4.159.188.200,employee_remote,,,,,1660878764
computer,155.179.36.76,contingent_office,,,,,1660876249
computer,83.23.81.136,contingent_remote,,,,,1660875677
mobile,132.192.42.133,contingent_remote,,,,,1660875895
mobile,110.29.47.198,visitor_office,,,,,1660874081
computer,51.32.60.97,employee_office,,,,,1660869445
mobile,51.158.103.217,employee_office,,,,,1660869980
computer,110.83.21.89,employee_remote,,,,,1660868969
mobile,209.50.7.217,employee_remote,,,,,1660863992
mobile,213.61.231.241,employee_remote,,,,,1660863955
computer,228.217.239.254,contingent_office,,,,,1660860844
computer,76.114.175.96,contingent_remote,,,,,1660861704
mobile,98.183.147.37,contingent_remote,,,,,1660858105
computer,238.235.189.176,visitor_office,,,,,1660855070
computer,152.103.235.87,employee_office,,,,,1660855806
mobile,83.110.193.234,employee_office,,,,,1660853520
computer,229.151.249.183,employee_remote,,,,,1660850758
mobile,82.155.126.242,employee_remote,,,,,1660849931
mobile,218.34.73.21,employee_remote,,,,,1660848083
computer,85.181.111.77,contingent_office,,,,,1660846372
computer,186.184.62.168,contingent_remote,,,,,1660843803
mobile,170.234.255.1,contingent_remote,,,,,1660840524
mobile,2.180.11.255,visitor_office,,,,,1660841359
computer,186.11.50.105,employee_office,,,,,1660838068
mobile,19.22.69.254,employee_office,,,,,1660836262
computer,61.175.189.158,employee_remote,,,,,1660833335
mobile,188.142.237.23,employee_remote,,,,,1660834638
mobile,13.21.200.42,employee_remote,,,,,1660831544
computer,61.198.160.30,contingent_office,,,,,1660828757
computer,110.45.115.36,contingent_remote,,,,,1660826812
mobile,233.128.22.233,contingent_remote,,,,,1660824459
computer,125.203.33.72,visitor_office,,,,,1660824234
computer,73.11.91.52,employee_office,,,,,1660822287
mobile,105.255.149.121,employee_office,,,,,1660818722
computer,244.204.114.104,employee_remote,,,,,1660818735
mobile,39.98.104.119,employee_remote,,,,,1660816924
mobile,14.60.80.43,employee_remote,,,,,1660815125
computer,42.151.93.28,contingent_office,,,,,1660812151
computer,153.26.2.208,contingent_remote,,,,,1660812301
mobile,91.126.125.42,contingent_remote,,,,,1660808955
mobile,171.0.209.110,visitor_office,,,,,1660806887
computer,24.57.215.236,employee_office,,,,,1660806751
mobile,206.234.107.143,employee_office,,,,,1660803584
computer,168.79.202.232,employee_remote,,,,,1660803704
mobile,234.29.68.174,employee_remote,,,,,1660801394
mobile,134.100.125.241,employee_remote,,,,,1660799485
computer,232.5.252.94,contingent_office,,,,,1660795605
computer,105.229.76.251,contingent_remote,,,,,1660793507
mobile,174.38.46.144,contingent_remote,,,,,1660792377
computer,100.74.175.63,visitor_office,,,,,1660789988
computer,4.210.226.239,employee_office,,,,,1660790637
mobile,230.131.37.166,employee_office,,,,,1660789609
computer,5.11.124.20,employee_remote,,,,,1660786664
mobile,57.70.222.240,employee_remote,,,,,1660783431
mobile,117.123.19.239,employee_remote,,,,,1660782819
computer,197.6.228.245,contingent_office,,,,,1660781780
computer,2.199.36.5,contingent_remote,,,,,1660780251
mobile,28.166.157.50,contingent_remote,,,,,1660776053
mobile,220.88.114.0,visitor_office,,,,,1660773883
computer,76.219.224.86,employee_office,,,,,1660773989
mobile,226.233.156.148,employee_office,,,,,1660772038
computer,200.120.172.210,employee_remote,,,,,1660770869
mobile,138.125.208.85,employee_remote,,,,,1660768938
mobile,177.106.137.99,employee_remote,,,,,1660767776
computer,94.253.28.231,contingent_office,,,,,1660765959
computer,186.54.157.110,contingent_remote,,,,,1660762281
mobile,159.138.250.233,contingent_remote,,,,,1660760486
computer,35.67.109.197,visitor_office,,,,,1660758098
computer,33.62.37.84,employee_office,,,,,1660757180
mobile,60.44.177.243,employee_office,,,,,1660755287
computer,216.237.122.136,employee_remote,,,,,1660753764
mobile,26.177.178.52,employee_remote,,,,,1660751025
mobile,199.207.1.8,employee_remote,,,,,1660749150
computer,202.176.169.167,contingent_office,,,,,1660747147
computer,51.165.214.208,contingent_remote,,,,,1660744969
mobile,46.93.44.247,contingent_remote,,,,,1660746394
mobile,244.58.154.157,visitor_office,,,,,1660743632
computer,133.192.227.94,employee_office,,,,,1660740490
mobile,107.86.155.221,employee_office,,,,,1660739979
computer,122.207.135.143,employee_remote,,,,,1660738500
mobile,207.11.102.229,employee_remote,,,,,1660734521
mobile,115.0.199.243,employee_remote,,,,,1660733237
computer,225.137.115.99,contingent_office,,,,,1660732433
computer,102.161.173.55,contingent_remote,,,,,1660732194
mobile,115.118.30.153,contingent_remote,,,,,1660730351
computer,15.227.3.166,visitor_office,,,,,1660728378
computer,122.10.131.149,employee_office,,,,,1660723265
mobile,157.150.130.202,employee_office,,,,,1660723125
computer,187.68.246.155,employee_remote,,,,,1660722687
mobile,141.183.136.158,employee_remote,,,,,1660718798
mobile,103.220.231.230,employee_remote,,,,,1660718212
computer,57.20.120.197,contingent_office,,,,,1660714924
computer,98.226.86.99,contingent_remote,,,,,1660714838
mobile,196.15.139.220,contingent_remote,,,,,1660710622
mobile,74.28.167.26,visitor_office,,,,,1660711019
computer,132.37.152.33,employee_office,,,,,1660707252
mobile,77.145.56.224,employee_office,,,,,1660707594
computer,253.56.74.81,employee_remote,,,,,1660706452
mobile,224.186.106.74,employee_remote,,,,,1660703268
mobile,95.215.80.207,employee_remote,,,,,1660701698
computer,106.37.124.76,contingent_office,,,,,1660701543
computer,127.57.10.127,contingent_remote,,,,,1660699526
mobile,211.9.171.251,contingent_remote,,,,,1660697328
computer,1.141.190.172,visitor_office,,,,,1660694596
computer,40.149.217.64,employee_office,,,,,1660692506
mobile,49.138.14.122,employee_office,,,,,1660691919
computer,135.254.110.143,employee_remote,,,,,1660690520
mobile,61.144.116.3,employee_remote,,,,,1660688261
mobile,217.60.68.105,employee_remote,,,,,1660685913
computer,38.151.45.178,contingent_office,,,,,1660684907
computer,24.47.46.98,contingent_remote,,,,,1660682923
mobile,105.69.106.201,contingent_remote,,,,,1660681222
mobile,86.74.196.201,visitor_office,,,,,1660678077
computer,76.44.118.246,employee_office,,,,,1660677523
mobile,253.15.197.31,employee_office,,,,,1660674803
computer,75.157.24.191,employee_remote,,,,,1660671030
mobile,245.182.203.160,employee_remote,,,,,1660671554
mobile,255.227.129.170,employee_remote,,,,,1660669282
computer,222.17.197.219,contingent_office,,,,,1660665995
computer,229.182.79.182,contingent_remote,,,,,1660664454
mobile,145.98.104.160,contingent_remote,,,,,1660665150
computer,151.137.143.144,visitor_office,,,,,1660660727
computer,180.238.76.17,employee_office,,,,,1660659861
mobile,221.94.17.255,employee_office,,,,,1660658278
computer,37.136.182.89,employee_remote,,,,,1660658285
mobile,39.42.238.122,employee_remote,,,,,1660655601
mobile,43.164.169.83,employee_remote,,,,,1660654792
computer,172.73.112.131,contingent_office,,,,,1660651711
computer,188.92.246.216,contingent_remote,,,,,1660649190
mobile,123.32.35.2,contingent_remote,,,,,1660647874
mobile,1.189.53.241,visitor_office,,,,,1660644872
computer,200.218.129.230,employee_office,,,,,1660643987
mobile,163.67.83.19,employee_office,,,,,1660642356
computer,144.145.3.106,employee_remote,,,,,1660640803
mobile,50.5.165.150,employee_remote,,,,,1660636863
mobile,146.95.39.166,employee_remote,,,,,1660635937
computer,28.149.200.242,contingent_office,,,,,1660636372
computer,251.62.174.205,contingent_remote,,,,,1660634378
mobile,246.215.208.31,contingent_remote,,,,,1660630092
computer,46.255.27.243,visitor_office,,,,,1660629408
computer,152.155.241.186,employee_office,,,,,1660626003
mobile,220.169.40.55,employee_office,,,,,1660624442
computer,169.238.133.8,employee_remote,,,,,1660622494
mobile,241.51.4.209,employee_remote,,,,,1660622227
mobile,145.50.199.131,employee_remote,,,,,1660620475
computer,212.132.146.210,contingent_office,,,,,1660617744
computer,48.144.119.199,contingent_remote,,,,,1660618340
mobile,161.133.126.226,contingent_remote,,,,,1660614465
mobile,242.102.33.25,visitor_office,,,,,1660614614
computer,7.202.137.166,employee_office,,,,,1660611859
mobile,59.56.21.15,employee_office,,,,,1660608971
computer,221.41.136.133,employee_remote,,,,,1660609324
mobile,64.224.212.8,employee_remote,,,,,1660606364
mobile,212.92.218.4,employee_remote,,,,,1660604466
computer,183.84.240.144,contingent_office,,,,,1660602496
computer,55.228.215.150,contingent_remote,,,,,1660599049
mobile,134.157.41.36,contingent_remote,,,,,1660600478
computer,102.87.226.233,visitor_office,,,,,1660597743
computer,199.169.254.161,employee_office,,,,,1660595847
mobile,80.210.179.65,employee_office,,,,,1660594379
computer,120.103.86.165,employee_remote,,,,,1660592223
mobile,247.218.59.164,employee_remote,,,,,1660588958
mobile,244.119.137.214,employee_remote,,,,,1660589528
computer,239.85.68.79,contingent_office,,,,,1660586513
computer,8.99.254.91,contingent_remote,,,,,1660585194
mobile,234.209.254.239,contingent_remote,,,,,1660583363
mobile,151.190.218.106,visitor_office,,,,,1660582433
computer,188.75.142.69,employee_office,,,,,1660578455
mobile,29.18.242.77,employee_office,,,,,1660576535
computer,117.243.115.38,employee_remote,,,,,1660575406
mobile,201.101.232.13,employee_remote,,,,,1660573839
mobile,177.58.188.63,employee_remote,,,,,1660573633
computer,162.82.11.164,contingent_office,,,,,1660569509
computer,246.89.199.244,contingent_remote,,,,,1660568306
mobile,102.189.208.12,contingent_remote,,,,,1660567871
computer,27.146.64.99,visitor_office,,,,,1660563767
computer,206.212.126.17,employee_office,,,,,1660561342
mobile,115.217.2.71,employee_office,,,,,1660561264
computer,247.221.158.188,employee_remote,,,,,1660559039
mobile,126.178.202.161,employee_remote,,,,,1660557148
mobile,185.23.249.142,employee_remote,,,,,1660557259
computer,161.109.32.160,contingent_office,,,,,1660553819
computer,168.186.47.254,contingent_remote,,,,,1660551649
mobile,255.88.80.162,contingent_remote,,,,,1660550742
mobile,73.145.77.158,visitor_office,,,,,1660547617
computer,30.119.201.44,employee_office,,,,,1660547887
mobile,39.150.42.69,employee_office,,,,,1660546329
computer,192.84.120.29,employee_remote,,,,,1660542929
mobile,89.213.143.218,employee_remote,,,,,1660539995
mobile,34.87.239.143,employee_remote,,,,,1660539964
computer,4.238.148.144,contingent_office,,,,,1660538690
computer,119.208.61.187,contingent_remote,,,,,1660534875
mobile,14.60.69.68,contingent_remote,,,,,1660535656
computer,38.155.199.99,visitor_office,,,,,1660531247
computer,208.83.87.196,employee_office,,,,,1660529206
mobile,184.241.91.42,employee_office,,,,,1660528510
computer,200.163.48.163,employee_remote,,,,,1660528748
mobile,175.1.33.45,employee_remote,,,,,1660526706
mobile,30.78.142.98,employee_remote,,,,,1660523468
computer,48.88.40.219,contingent_office,,,,,1660520489
computer,222.98.163.218,contingent_remote,,,,,1660520917
mobile,117.31.222.120,contingent_remote,,,,,1660518392
mobile,78.68.184.181,visitor_office,,,,,1660515286
computer,244.1.36.205,employee_office,,,,,1660515207
mobile,43.225.81.229,employee_office,,,,,1660511334
computer,76.159.130.19,employee_remote,,,,,1660510139
mobile,62.86.255.216,employee_remote,,,,,1660509509
mobile,191.174.160.131,employee_remote,,,,,1660506357
computer,33.154.143.210,contingent_office,,,,,1660503647
computer,108.233.253.73,contingent_remote,,,,,1660502817
mobile,222.236.9.152,contingent_remote,,,,,1660501540
computer,116.223.136.228,visitor_office,,,,,1660500776
computer,7.191.57.24,employee_office,,,,,1660497042
mobile,80.105.138.110,employee_office,,,,,1660496566
computer,195.193.192.205,employee_remote,,,,,1660493711
mobile,242.73.127.33,employee_remote,,,,,1660494501
mobile,36.68.36.19,employee_remote,,,,,1660490090
computer,90.218.66.241,contingent_office,,,,,1660489401
computer,96.180.192.68,contingent_remote,,,,,1660486736
mobile,162.178.36.106,contingent_remote,,,,,1660485437
mobile,148.108.180.220,visitor_office,,,,,1660482107
computer,57.96.123.137,employee_office,,,,,1660480632
mobile,252.127.193.67,employee_office,,,,,1660480841
computer,64.196.174.193,employee_remote,,,,,1660478926
mobile,216.157.23.26,employee_remote,,,,,1660476628
mobile,13.196.143.40,employee_remote,,,,,1660475071
computer,116.104.92.189,contingent_office,,,,,1660474402
computer,175.147.147.52,contingent_remote,,,,,1660472805
mobile,57.162.141.29,contingent_remote,,,,,1660470816
computer,4.155.13.18,visitor_office,,,,,1660466036
computer,7.59.231.125,employee_office,,,,,1660466658
mobile,62.160.176.83,employee_office,,,,,1660463799
computer,213.49.18.15,employee_remote,,,,,1660461261
mobile,36.239.104.222,employee_remote,,,,,1660459662
mobile,59.91.54.151,employee_remote,,,,,1660458294
computer,243.230.139.25,contingent_office,,,,,1660457151
computer,182.77.86.88,contingent_remote,,,,,1660455845
mobile,61.202.202.44,contingent_remote,,,,,1660451628
mobile,208.254.125.105,visitor_office,,,,,1660453198
computer,75.198.24.79,employee_office,,,,,1660448039
mobile,3.146.126.19,employee_office,,,,,1660446753
computer,16.115.197.188,employee_remote,,,,,1660445322
mobile,212.69.105.8,employee_remote,,,,,1660442671
mobile,118.237.50.198,employee_office,,,,,1660441552
computer,181.119.148.87,employee_office,,,,,1660440477
computer,41.247.105.165,employee_remote,,,,,1660437990
mobile,53.93.193.249,employee_remote,,,,,1660436494
computer,230.140.242.28,employee_remote,,,,,1660434825
computer,46.148.82.116,contingent_office,,,,,1660434877
mobile,65.53.18.168,contingent_remote,,,,,1660432335
computer,11.83.167.141,contingent_remote,,,,,1660429979
mobile,55.12.158.104,visitor_office,,,,,1660429741
mobile,129.152.222.73,employee_office,,,,,1660426091
computer,222.34.44.72,employee_office,,,,,1660425934
computer,183.189.50.3,employee_remote,,,,,1660421245
mobile,135.210.138.98,employee_remote,,,,,1660419182
mobile,156.138.65.1,employee_remote,,,,,1660417463
computer,12.247.23.206,contingent_office,,,,,1660418311
mobile,64.115.52.62,contingent_remote,,,,,1660415637
computer,240.56.207.231,contingent_remote,,,,,1660412814
mobile,15.34.68.14,visitor_office,,,,,1660413388
mobile,120.238.241.160,employee_office,,,,,1660409808
computer,191.143.198.142,employee_office,,,,,1660408120
computer,0.180.201.12,employee_remote,,,,,1660406756
mobile,153.152.109.119,employee_remote,,,,,1660405096
computer,72.10.60.252,employee_remote,,,,,1660403215
computer,139.109.40.196,contingent_office,,,,,1660399928
mobile,21.194.175.38,contingent_remote,,,,,1660399813
computer,165.51.4.226,contingent_remote,,,,,1660396533
mobile,75.189.120.66,visitor_office,,,,,1660396430
mobile,6.24.243.93,employee_office,,,,,1660392013
computer,24.179.90.60,employee_office,,,,,1660393549
computer,219.211.75.253,employee_remote,,,,,1660389367
mobile,17.61.154.160,employee_remote,,,,,1660387386
mobile,95.41.94.232,employee_remote,,,,,1660386493
computer,249.53.97.181,contingent_office,,,,,1660385535
mobile,102.219.43.149,contingent_remote,,,,,1660382477
computer,186.184.40.65,contingent_remote,,,,,1660382368
mobile,40.13.55.161,visitor_office,,,,,1660379920
mobile,107.178.244.49,employee_office,,,,,1660375905
computer,216.159.92.12,employee_office,,,,,1660374913
computer,113.68.86.136,employee_remote,,,,,1660374019
mobile,111.241.226.219,employee_remote,,,,,1660372023
computer,193.225.176.170,employee_remote,,,,,1660371189
computer,187.44.1.72,contingent_office,,,,,1660369640
mobile,141.81.231.41,contingent_remote,,,,,1660365353
computer,28.23.185.244,contingent_remote,,,,,1660364174
mobile,71.89.214.56,visitor_office,,,,,1660361930
mobile,250.209.31.83,employee_office,,,,,1660360963
computer,174.54.132.144,employee_office,,,,,1660357856
computer,2.246.86.85,employee_remote,,,,,1660356048
mobile,16.111.16.9,employee_remote,,,,,1660354652
mobile,9.95.200.208,employee_remote,,,,,1660352433
computer,90.197.27.218,contingent_office,,,,,1660353168
mobile,117.175.11.113,contingent_remote,,,,,1660351491
computer,28.119.206.178,contingent_remote,,,,,1660347433
mobile,16.213.218.249,visitor_office,,,,,1660345619
mobile,250.218.35.225,employee_office,,,,,1660345758
computer,209.164.245.159,employee_office,,,,,1660344830
computer,172.184.66.85,employee_remote,,,,,1660342949
mobile,150.97.129.30,employee_remote,,,,,1660341573
computer,48.100.71.65,employee_remote,,,,,1660339596
computer,29.230.16.126,contingent_office,,,,,1660334975
mobile,153.16.91.19,contingent_remote,,,,,1660333781
computer,154.21.102.22,contingent_remote,,,,,1660331589
mobile,29.70.231.242,visitor_office,,,,,1660331518
mobile,182.170.71.146,employee_office,,,,,1660329643
computer,113.94.228.19,employee_office,,,,,1660327095
computer,167.81.242.250,employee_remote,,,,,1660324489
mobile,33.137.174.36,employee_remote,,,,,1660324157
mobile,60.87.53.193,employee_remote,,,,,1660322133
computer,181.6.109.170,contingent_office,,,,,1660320143
mobile,185.139.129.164,contingent_remote,,,,,1660318399
computer,155.163.11.62,contingent_remote,,,,,1660315570
mobile,89.41.133.176,visitor_office,,,,,1660316051
mobile,58.196.61.125,employee_office,,,,,1660313337
computer,192.69.211.129,employee_office,,,,,1660312380
computer,180.47.196.193,employee_remote,,,,,1660307436
mobile,17.54.193.122,employee_remote,,,,,1660307836
computer,141.241.222.144,employee_remote,,,,,1660306111
computer,162.76.122.227,contingent_office,,,,,1660304812
mobile,50.241.117.95,contingent_remote,,,,,1660300960
computer,30.141.10.63,contingent_remote,,,,,1660299881
mobile,106.146.213.162,visitor_office,,,,,1660298732
mobile,178.51.5.217,employee_office,,,,,1660295588
computer,19.113.53.209,employee_office,,,,,1660293707
computer,31.252.244.67,employee_remote,,,,,1660292701
mobile,209.122.132.166,employee_remote,,,,,1660292993
mobile,142.149.6.214,employee_remote,,,,,1660288265
computer,70.66.57.250,contingent_office,,,,,1660286038
mobile,94.242.153.80,contingent_remote,,,,,1660286282
computer,133.242.182.36,contingent_remote,,,,,1660283297
mobile,39.79.248.221,visitor_office,,,,,1660280888
mobile,166.21.195.117,employee_office,,,,,1660281286
computer,216.228.210.123,employee_office,,,,,1660277205
computer,103.229.81.121,employee_remote,,,,,1660278353
mobile,35.82.165.118,employee_remote,,,,,1660276059
computer,167.80.220.88,employee_remote,,,,,1660273434
computer,176.3.53.237,contingent_office,,,,,1660270974
mobile,212.118.30.17,contingent_remote,,,,,1660269663
computer,87.73.254.232,contingent_remote,,,,,1660266537
mobile,61.158.165.179,visitor_office,,,,,1660266893
mobile,42.245.15.45,employee_office,,,,,1660265420
computer,198.3.34.88,employee_office,,,,,1660262689
computer,127.20.181.81,employee_remote,,,,,1660260924
mobile,202.179.251.205,employee_remote,,,,,1660259974
mobile,55.42.230.1,employee_remote,,,,,1660256687
computer,37.173.108.171,contingent_office,,,,,1660254274
mobile,150.39.99.88,contingent_remote,,,,,1660254873
computer,53.25.189.77,contingent_remote,,,,,1660249866
mobile,221.179.192.48,visitor_office,,,,,1660250079
mobile,145.181.112.50,employee_office,,,,,1660246638
computer,27.74.56.203,employee_office,,,,,1660245873
computer,112.60.106.56,employee_remote,,,,,1660243304
mobile,83.204.31.130,employee_remote,,,,,1660243686
computer,128.216.172.159,employee_remote,,,,,1660242066
computer,141.210.169.139,contingent_office,,,,,1660239344
mobile,76.219.132.68,contingent_remote,,,,,1660235506
computer,131.132.28.233,contingent_remote,,,,,1660236256
mobile,208.144.147.139,visitor_office,,,,,1660232184
mobile,155.136.42.10,employee_office,,,,,1660233183
computer,208.112.113.85,employee_office,,,,,1660229678
computer,135.60.100.154,employee_remote,,,,,1660229578
mobile,24.180.239.84,employee_remote,,,,,1660225655
mobile,127.192.141.214,employee_remote,,,,,1660224314
computer,125.251.123.245,contingent_office,,,,,1660221599
mobile,159.132.46.220,contingent_remote,,,,,1660219580
computer,11.111.214.194,contingent_remote,,,,,1660218871
mobile,151.164.33.171,visitor_office,,,,,1660217413
mobile,153.20.83.209,employee_office,,,,,1660215669
computer,242.95.192.193,employee_office,,,,,1660213104
computer,83.179.171.28,employee_remote,,,,,1660213185
mobile,137.109.180.107,employee_remote,,,,,1660209150
computer,41.108.124.177,employee_remote,,,,,1660208786
computer,177.171.75.197,contingent_office,,,,,1660206851
mobile,91.60.69.218,contingent_remote,,,,,1660203082
computer,98.2.181.75,contingent_remote,,,,,1660203490
mobile,80.227.206.191,visitor_office,,,,,1660202073
mobile,214.40.38.237,employee_office,,,,,1660199311
computer,218.18.95.179,employee_office,,,,,1660197255
computer,41.202.180.7,employee_remote,,,,,1660196740
mobile,139.29.104.44,employee_remote,,,,,1660195433
mobile,106.92.136.236,employee_remote,,,,,1660193197
computer,236.176.234.5,contingent_office,,,,,1660191202
